test-0.0001-a,test-0.0001-a,test-0.0001-a
Test time,Strain,Stress
s,%,MPa
0,0,25.93209377
0.5,-0.000724965,25.98308226
1,0.000421258,26.6377318
1.5,-0.000256619,28.97485495
1.885775,0.001774536,31.52002188
2.26,0.003775741,34.056075
2.76,0.005147285,37.42434552
3.26,0.005911936,40.85899709
3.76,0.007666786,44.14982955
4.26,0.00940654,47.39379753
4.76,0.009169521,50.55317311
5.049775,0.011190186,52.34131479
5.55,0.011455547,55.23018286
6.05,0.012548172,57.92817529
6.55,0.014375278,60.38106493
7.05,0.015567076,62.61001535
7.55,0.015625642,64.57719124
8.05,0.016805628,66.26789332
8.55,0.017705931,67.82764954
9.05,0.018061715,69.29628073
9.55,0.018481076,70.59886489
10.05,0.018482313,71.71490897
10.55,0.019576097,72.71227178
11.05,0.02021033,73.63631402
11.55,0.021009188,74.54107406
12.05,0.020717811,75.39034403
12.55,0.020074757,76.19444859
13.05,0.020335594,76.99529171
13.55,0.020460564,77.75990746
14.05,0.020733532,78.54251646
14.55,0.022029772,79.33811914
15.05,0.022206887,80.07933844
15.55,0.022038634,80.78615312
16.05,0.022916896,81.48806588
16.55,0.021705586,82.13385713
17.05,0.021750743,82.88088974
17.51,0.023827852,83.56183423
17.88,0.025842987,84.11015984
18.24,0.023787273,84.60763041
18.31,0.02172541,84.70692532
18.673775,0.023790983,85.1888243
19.093775,0.021794026,85.74633532
19.6,0.021534612,86.42120612
19.855775,0.023623239,86.79831587
20,0.025659899,87.00908564
20.45,0.023619129,87.63796427
20.95,0.023616633,88.31775001
21.427775,0.021604316,88.97195851
21.71,0.02369473,89.35419803
22.21,0.024434327,90.04099489
22.71,0.022685244,90.76070561
23.21,0.024298499,91.40926354
23.71,0.022666257,92.05525009
24.21,0.023329796,92.64930096
24.289775,0.025328639,92.74713766
24.748775,0.023295738,93.29853592
25.25,0.025159153,93.9374853
25.75,0.024489842,94.60745417
26.25,0.025439601,95.27935647
26.75,0.025526123,95.90544888
27.25,0.025446175,96.48036727
27.75,0.025085011,97.14425593
28.25,0.025003606,97.7889405
28.75,0.025625603,98.42912676
29.25,0.027009023,99.04021393
29.445775,0.024887312,99.29034233
29.95,0.024919791,99.93440846
30.45,0.025481397,100.5911298
30.95,0.025297337,101.2885182
31.45,0.025298231,101.8890008
31.95,0.023850807,102.523901
32.44,0.025925041,103.1300212
32.54,0.028022644,103.249399
33.04,0.02873747,103.8674908
33.508775,0.026716525,104.4735979
34.01,0.026311142,105.148332
34.51,0.026442976,105.8311058
35.01,0.026164131,106.4833483
35.51,0.028086841,107.0565156
36.01,0.027784283,107.673071
36.51,0.027672488,108.3312635
37.01,0.027298772,108.973559
37.51,0.027515308,109.5809876
38.01,0.02745097,110.1758587
38.51,0.028440263,110.816364
39.01,0.02790388,111.5368624
39.51,0.027591157,112.2216998
40.01,0.029111316,112.8759018
40.51,0.029687857,113.5128396
41.01,0.028329332,114.1325393
41.506775,0.03038693,114.7679018
42.01,0.02938039,115.4445888
42.51,0.029935658,116.1298819
43.01,0.029279923,116.7856333
43.51,0.029950656,117.4185089
44.01,0.030923787,118.0073129
44.51,0.030717811,118.6646266
45.01,0.03059705,119.2728819
45.51,0.030956713,119.8921911
46.01,0.030362678,120.4972957
46.51,0.031045912,121.116045
47.01,0.030773886,121.7218917
47.51,0.030416831,122.4189286
48.01,0.030503983,123.0586006
48.51,0.030393886,123.6332
49.01,0.030948969,124.2039716
49.51,0.032028624,124.7561771
50.01,0.030517381,125.3320264
50.51,0.028822296,125.9020428
51.01,0.030263768,126.5139828
51.51,0.030171698,127.0804449
52.01,0.030474178,127.6543412
52.51,0.030259894,128.147346
53.01,0.030181064,128.7191332
53.51,0.030030509,129.2655839
54.01,0.029991988,129.8229713
54.51,0.030652416,130.329829
55.01,0.030222796,130.8630387
55.51,0.030384855,131.4383803
56.01,0.031360937,132.067337
56.51,0.031304898,132.6371452
57.01,0.031316298,133.1620223
57.51,0.031417915,133.7081605
58.01,0.032909089,134.2107609
58.51,0.033831142,134.7528631
59.01,0.032523911,135.3003033
59.51,0.032732116,135.8915419
60.01,0.032885469,136.4580301
60.51,0.034282745,136.9910054
61.01,0.034462901,137.5275742
61.51,0.034044488,138.1147376
62.01,0.034365849,138.6710183
62.51,0.033653344,139.2202162
63.01,0.034341556,139.7493768
63.51,0.03473421,140.3038087
64.01,0.034129117,140.8883551
64.51,0.034877453,141.5079116
65.01,0.035351117,142.1062069
65.51,0.035792019,142.6481789
66.01,0.036929033,143.1857242
66.51,0.036397097,143.7161216
67.01,0.035734588,144.3188827
67.51,0.037084777,144.9097698
68.01,0.036549538,145.5118408
68.51,0.036626166,146.1177136
69.01,0.037317264,146.6951383
69.51,0.036951365,147.2557154
70.01,0.036774575,147.8784748
70.51,0.036738889,148.4620318
71.01,0.038217907,149.0690763
71.118775,0.036146153,149.1853424
71.24,0.034134637,149.3228567
71.74,0.035017218,149.8681227
72.24,0.034885342,150.4827708
72.74,0.036368489,151.1526225
73.24,0.036129076,151.809155
73.74,0.036448826,152.3718023
74.24,0.03616818,152.9544609
74.74,0.036935683,153.5125643
75.24,0.037023492,154.1381099
75.74,0.035986399,154.7438525
75.97,0.038005904,155.0045073
76.47,0.037588934,155.646653
76.97,0.037518968,156.2804141
77.47,0.037644126,156.8833444
77.97,0.037206647,157.449468
78.47,0.037351262,158.0808594
78.97,0.037861754,158.7030589
79.47,0.038738238,159.292006
79.97,0.039229778,159.8480003
80.47,0.039489349,160.4218706
80.97,0.040907004,161.0528063
81.47,0.040070792,161.719377
81.97,0.041055942,162.320758
82.47,0.04017833,162.9046144
82.97,0.0410367,163.4869996
83.47,0.040685017,164.0552845
83.97,0.040501811,164.6791375
84.47,0.041283266,165.2731363
84.97,0.041170502,165.8965206
85.47,0.04117449,166.4864182
85.97,0.04230306,167.0629184
86.47,0.042458243,167.6259954
86.97,0.042162618,168.228431
87.47,0.042912104,168.7814567
87.97,0.041082596,169.3639591
88.47,0.041399278,169.8830554
88.97,0.041714177,170.4717942
89.47,0.042246566,171.0502995
89.97,0.041529301,171.7056473
90.47,0.04181733,172.3024974
90.97,0.041615235,172.8176878
91.47,0.041081548,173.3599592
91.97,0.042451201,173.8743554
92.47,0.041966118,174.4793689
92.97,0.041087164,175.0645013
93.47,0.041679466,175.6897995
93.97,0.041118617,176.296154
94.47,0.041723655,176.8636056
94.97,0.041878763,177.4207065
95.47,0.04105435,178.0039119
95.97,0.042057145,178.5939787
96.47,0.042378654,179.1654925
96.97,0.042049047,179.7064489
97.47,0.042505523,180.2542147
97.97,0.042740551,180.8996544
98.47,0.042958167,181.5799739
98.97,0.044568477,182.1410979
99.47,0.044717091,182.6768465
99.942775,0.042720134,183.2048353
100.449775,0.043902334,183.7768958
100.674775,0.041897391,184.0734981
101.18,0.043118762,184.6645805
101.68,0.043723413,185.2750102
102.18,0.044596292,185.9011286
102.68,0.044595348,186.5300854
103.18,0.043944845,187.1134861
103.68,0.044618841,187.7282383
104.18,0.045440859,188.3879737
104.68,0.0442917,189.0341555
105.18,0.045171818,189.6319301
105.68,0.045187396,190.2266059
106.18,0.045382754,190.9076806
106.68,0.045022048,191.6291685
107.18,0.046820563,192.3406182
107.68,0.047295179,192.9978538
108.18,0.046164072,193.6444653
108.68,0.046854166,194.2627979
109.18,0.04666031,194.9350322
109.552775,0.044647199,195.4704813
110.06,0.045128094,196.1972422
110.56,0.046399673,196.9324529
111.06,0.047308674,197.6626901
111.56,0.046770951,198.3688538
111.69,0.044676216,198.5531479
112.02,0.046781942,199.0477151
112.14,0.048819279,199.2230127
112.64,0.047264775,199.9951863
113.14,0.048503651,200.7238611
113.64,0.048398252,201.4665582
113.939775,0.046392539,201.8708206
114.144775,0.048427436,202.1708601
114.65,0.049389531,202.9609359
115.15,0.048452964,203.8057466
115.65,0.048873065,204.5993247
116.048775,0.050887687,205.1913966
116.36,0.048866422,205.6547425
116.86,0.048180315,206.3826882
117.232775,0.050186757,206.9171868
117.739775,0.050040978,207.7289665
118.24,0.048743849,208.5081448
118.628775,0.050757887,209.140018
119.13,0.050836605,209.9780975
119.63,0.050761774,210.8191065
120.13,0.050058587,211.5960714
120.288775,0.048059997,211.8324054
120.396775,0.045959199,212.0179104
120.53,0.04797401,212.254609
120.61,0.050010711,212.3931779
120.796775,0.052045925,212.7067969
121.07,0.054052326,213.1752986
121.42,0.051965027,213.7642067
121.92,0.052232534,214.5766244
122.42,0.051532472,215.3498917
122.92,0.050661043,216.1716054
123.218775,0.052700924,216.6976543
123.72,0.052437582,217.6185523
124.22,0.052615019,218.502943
124.72,0.053460426,219.3127436
125.22,0.052410128,220.1487921
125.72,0.052984489,220.9431774
126.22,0.054243994,221.8071141
126.72,0.054282046,222.6486309
127.22,0.053882466,223.5255352
127.72,0.054699075,224.4224899
128.22,0.054844962,225.3052271
128.72,0.054318465,226.1516913
129.22,0.055308412,227.0706754
129.72,0.055492124,227.9711194
130.22,0.056154503,228.8189116
130.72,0.056622949,229.6857127
131.22,0.056901355,230.5581382
131.675775,0.054901571,231.4166587
132.01,0.056919421,232.0862109
132.51,0.058301685,233.0762827
133.01,0.059621414,233.9913088
133.51,0.059826715,234.9053193
133.784775,0.057803148,235.3968659
134.29,0.058582286,236.3115275
134.79,0.057766074,237.2702477
135.29,0.058997983,238.2512838
135.79,0.059804356,239.2420066
136.29,0.060782966,240.2328335
136.79,0.059688527,241.2197545
137.29,0.059806238,242.1780581
137.72,0.061927844,243.0593371
138.22,0.060733082,244.0677146
138.618775,0.062893394,244.8614749
139.12,0.062739625,245.8239189
139.14,0.062515853,245.8632384
139.64,0.063577358,246.8273228
140.14,0.06383175,247.908116
140.64,0.06297629,249.015834
141.14,0.065284121,250.1078762
141.64,0.066455014,251.0844856
142.14,0.062556553,252.1226262
142.64,0.063824192,253.1529289
143.14,0.065533046,254.2245301
143.64,0.067699086,255.2742583
144.14,0.066736954,256.3500519
144.64,0.067137676,257.4671961
145.14,0.064376913,258.5522338
145.357775,0.068430951,259.0223499
145.86,0.068181164,260.0858268
146.36,0.068862658,261.2126317
146.86,0.066641843,262.3126941
147.36,0.068951207,263.3814571
147.86,0.068533851,264.4210559
148.36,0.064881934,265.5431736
148.59,0.068940249,266.0965118
148.719775,0.072956057,266.4005224
149.22,0.070522011,267.6054716
149.72,0.073006681,268.7459212
150.047775,0.068888256,269.4777858
150.55,0.070463851,270.6010233
151.05,0.071699628,271.709861
151.55,0.071485385,272.8702567
152.05,0.07351121,274.0227886
152.55,0.072248458,275.1962822
153.05,0.073177806,276.3655054
153.55,0.071723642,277.5419414
154.05,0.074884718,278.6746833
154.55,0.075123391,279.8906212
155.05,0.074757135,281.0744264
155.55,0.075378765,282.2582317
155.672775,0.071332531,282.5410461
156.18,0.073198814,283.7188622
156.68,0.076272345,284.9112084
157.18,0.0773229,286.1581853
157.68,0.077940603,287.447893
158.18,0.079087831,288.6733093
158.68,0.077592045,289.875915
159.18,0.080318512,291.0916706
159.68,0.081479391,292.2616749
160.18,0.080927147,293.5228954
160.68,0.081939933,294.772971
161.18,0.082063201,296.0439043
161.68,0.084476172,297.2873919
162.18,0.08395387,298.5398892
162.68,0.084209713,299.7820488
163.18,0.085319001,301.0793079
163.68,0.084440843,302.3252953
164.18,0.086418952,303.5805007
164.68,0.087985478,304.8017507
165.18,0.086244673,306.0480245
165.68,0.089505271,307.3846813
166.18,0.090187792,308.7667769
166.68,0.090343994,310.0483602
167.18,0.09208593,311.2854682
167.68,0.092176986,312.5358563
168.18,0.093335946,313.7752558
168.68,0.092621392,315.075926
169.18,0.095757561,316.3630818
169.68,0.096867184,317.6825005
170.18,0.097352951,319.003846
170.68,0.095231599,320.3183172
171.18,0.097140836,321.5912815
171.68,0.094006475,322.9144759
172.18,0.096281827,324.2058501
172.68,0.097133181,325.4874594
173.18,0.097456171,326.7434721
173.68,0.097576716,328.0211755
174.18,0.095925256,329.4004328
174.68,0.09828427,330.7597179
175.18,0.100543286,332.0717674
175.68,0.099023798,333.3706149
176.18,0.099390627,334.6544116
176.68,0.098926061,335.9449264
176.83,0.10292458,336.3418457
177.33,0.099859128,337.6975373
177.83,0.103130565,339.0256792
178.33,0.104112248,340.3781679
178.83,0.103192921,341.7334429
179.33,0.102824835,343.0731203
179.83,0.104671471,344.4212865
180.33,0.106282907,345.7657811
180.83,0.105517275,347.0942615
181.33,0.106313728,348.4342253
181.83,0.106779492,349.7446343
182.33,0.10798976,351.144619
182.83,0.109135069,352.6040778
183.33,0.109780951,354.0545269
183.83,0.110252711,355.4227956
184.33,0.110959528,356.7762999
184.83,0.112487883,358.1255597
185.33,0.11229828,359.5297889
185.83,0.114242622,360.95649
186.33,0.113819486,362.3742336
186.83,0.114836445,363.7913783
187.33,0.116559783,365.2185482
187.83,0.117539963,366.6185069
188.33,0.117677939,368.0195071
188.83,0.118804619,369.4464947
189.33,0.11904847,370.8424954
189.83,0.120685766,372.232507
190.33,0.121120872,373.5563003
190.83,0.121313348,374.9905269
191.33,0.122235204,376.4793842
191.83,0.12322414,377.9752722
192.33,0.124154045,379.3467957
192.83,0.126201124,380.7354272
193.33,0.126185963,382.0834893
193.83,0.126906573,383.5249027
194.33,0.12808172,384.9327514
194.83,0.12880727,386.3622648
195.33,0.130750861,387.799564
195.83,0.130849312,389.2529817
196.33,0.130492377,390.6761415
196.83,0.13200113,392.1106545
197.33,0.132770705,393.56001
197.83,0.133236194,394.9743164
198.33,0.134553193,396.3656299
198.83,0.134385824,397.7466058
199.33,0.136032263,399.1677085
199.83,0.136554289,400.6525818
200.33,0.136530038,402.1262581
200.83,0.137308316,403.5655884
201.33,0.13762804,404.9998411
201.83,0.138876613,406.419121
202.33,0.140097661,407.8896986
202.83,0.139822007,409.3595732
203.33,0.1395608,410.8221307
203.83,0.141200112,412.3246066
204.33,0.142603957,413.8003661
204.83,0.142307458,415.2733133
205.33,0.143849048,416.7749821
205.83,0.144311308,418.237149
206.33,0.144937603,419.6968421
206.83,0.145461236,421.1253661
207.33,0.146959604,422.5393079
207.83,0.147215915,424.0523038
208.33,0.148431726,425.5984479
208.83,0.149148601,427.1286038
209.33,0.149434804,428.5944422
209.83,0.150005468,430.0417406
210.33,0.151505175,431.4886744
210.83,0.152330544,432.9744851
211.33,0.153977741,434.4476407
211.83,0.155166086,435.9341545
212.33,0.156732642,437.4541289
212.83,0.158098234,438.9599379
213.33,0.158457698,440.4445508
213.83,0.15856951,441.9235913
214.33,0.159604978,443.4508047
214.83,0.161649803,444.9340115
215.33,0.161345851,446.3879499
215.83,0.163551586,447.8444402
216.33,0.164737565,449.3808195
216.83,0.165382801,450.9049082
217.33,0.166584313,452.4456101
217.83,0.168135038,453.9289731
218.33,0.169393074,455.3907754
218.83,0.169789526,456.8750758
219.33,0.170914682,458.4114551
219.83,0.170939915,459.9101293
220.33,0.172081557,461.4511957
220.83,0.173179782,462.9704411
221.33,0.173740597,464.496665
221.83,0.174852734,466.0086714
222.33,0.176072681,467.5123973
222.83,0.177311017,469.0287262
223.33,0.178267124,470.5091207
223.83,0.1780313,471.9913901
224.33,0.178764437,473.4856896
224.83,0.179502842,475.0284226
225.33,0.181409743,476.6021945
225.83,0.182280789,478.1514894
226.33,0.182382781,479.6193329
226.83,0.183674635,481.1122784
227.33,0.184187705,482.593402
227.83,0.185219513,484.1573311
228.33,0.18717288,485.6903773
228.83,0.186177375,487.2605038
229.33,0.188219031,488.8280263
229.83,0.189613949,490.3993505
230.33,0.190064127,491.9260952
230.83,0.190812649,493.4811709
231.33,0.191356294,495.0482767
231.83,0.193332321,496.5739278
232.33,0.192972484,498.08583
232.83,0.194940149,499.5801817
233.33,0.195318956,501.148954
233.83,0.195815659,502.7899598
234.33,0.197696553,504.3314429
234.83,0.1990578,505.8120978
235.33,0.201424655,507.3285309
235.83,0.202988325,508.8693369
236.33,0.205782727,510.4452441
236.83,0.20497121,511.9818317
237.33,0.20526509,513.5582076
237.83,0.207578472,515.1403122
238.33,0.208681012,516.7220522
238.83,0.209842799,518.2335378
239.33,0.210754061,519.7846034
239.83,0.212392644,521.3362939
240.33,0.212088453,522.87059
240.83,0.213795031,524.378326
241.33,0.215364012,525.8990295
241.83,0.216162347,527.5000908
242.33,0.217708385,529.1190152
242.83,0.218920818,530.688725
243.33,0.221675183,532.1778687
243.83,0.22101068,533.6789906
244.33,0.222217876,535.1733423
244.83,0.223977569,536.7426355
245.33,0.225497362,538.2687552
245.83,0.226023897,539.8446624
246.33,0.22761954,541.3976028
246.83,0.229273492,542.9612715
247.33,0.231499671,544.5178574
247.83,0.231083549,546.1015764
248.33,0.233245096,547.6009797
248.83,0.233025653,549.1169441
249.33,0.233551355,550.5894747
249.83,0.23574797,552.1102303
250.33,0.236818581,553.7183223
250.83,0.236961935,555.3129258
251.33,0.238811941,556.8867498
251.83,0.239646788,558.3770914
252.33,0.241518844,559.886598
252.83,0.242863562,561.4116762
253.33,0.243631544,562.974147
253.83,0.244774019,564.4814663
254.33,0.245436989,566.0422186
254.83,0.247982297,567.6184382
255.33,0.249470606,569.1826277
255.83,0.249118031,570.7383803
256.33,0.250504051,572.3042884
256.83,0.251501088,573.8465526
257.33,0.253261273,575.3965245
257.83,0.255824449,576.8558271
258.33,0.256514365,578.4041845
258.83,0.257637155,580.0097246
259.33,0.257668132,581.6479702
259.83,0.25813121,583.2034104
260.33,0.26054328,584.6737537
260.83,0.260696678,586.1715946
261.33,0.26267013,587.7180772
261.83,0.265144988,589.2481029
262.33,0.265268688,590.7433399
262.83,0.267067794,592.2938847
263.33,0.270861838,593.830264
263.83,0.270799259,595.4083064
264.33,0.27278768,596.9476542
264.83,0.273632123,598.4827316
265.33,0.275820719,600.0092159
265.83,0.277226706,601.4997137
266.33,0.277448663,602.9467256
266.83,0.281191882,604.4641482
267.33,0.28204073,606.0251609
267.83,0.283741281,607.5970059
268.33,0.282774804,609.1093768
268.83,0.285812991,610.5910212
269.33,0.288403306,612.0468345
269.83,0.289553503,613.5416549
270.33,0.290378277,615.0603274
270.83,0.292210741,616.5365035
271.33,0.293568819,618.0299177
271.83,0.295000011,619.5463508
272.33,0.295809668,621.0739809
272.83,0.298317764,622.5754152
273.33,0.29930397,624.0833595
273.83,0.299583626,625.547297
274.33,0.302772294,627.0036832
274.83,0.302771163,628.4269992
275.33,0.305642354,629.9367142
275.83,0.305847201,631.4759578
276.33,0.306980109,633.0522295
276.83,0.309744531,634.5363737
277.33,0.309773187,635.9718242
277.83,0.311584584,637.4356055
278.33,0.311890426,638.9623502
278.83,0.314568851,640.4501399
279.33,0.314132019,641.9044429
279.83,0.316763904,643.4087416
280.33,0.318339684,644.9069992
280.83,0.319659376,646.4371811
281.33,0.321555193,647.9043476
281.83,0.322521551,649.3885959
282.33,0.323978006,650.8691987
282.83,0.325135731,652.3268869
283.33,0.326873211,653.6959888
283.83,0.328418074,655.1987251
284.33,0.33035555,656.7451557
284.83,0.332611278,658.2930444
285.33,0.33281184,659.747087
285.83,0.335882045,661.1389995
286.33,0.336041156,662.6021559
286.83,0.337157012,664.0982261
287.33,0.339713642,665.5712775
287.83,0.341847812,667.0049572
288.33,0.342758644,668.4799876
288.83,0.344744564,669.9030433
289.33,0.347354281,671.3400561
289.83,0.348651179,672.7854536
290.33,0.350541491,674.2386108
290.83,0.352617218,675.632346
291.33,0.353280769,677.0264979
291.83,0.355945357,678.3886733
292.33,0.356592631,679.8479759
292.83,0.35973461,681.3142049
293.33,0.362287461,682.8182953
293.83,0.36328179,684.2203632
294.33,0.364573659,685.5927982
294.83,0.366315751,686.9610668
295.33,0.369395598,688.3762586
295.83,0.370210404,689.7835343
296.33,0.371436867,691.1745614
296.83,0.373565383,692.5680363
297.33,0.375276826,693.9851029
297.83,0.376709089,695.3650893
298.33,0.378727236,696.7356494
298.83,0.380262696,698.1189168
299.33,0.381927123,699.4701036
299.83,0.383103684,700.8018649
300.33,0.384804116,702.0998271
300.83,0.386560968,703.49601
301.33,0.389256444,704.92193
301.83,0.3908438,706.3476937
302.33,0.392435709,707.6869024
302.83,0.39347259,709.0148099
303.33,0.394836352,710.3371971
303.83,0.397594943,711.7191625
304.33,0.399913457,713.0489969
304.83,0.401431896,714.366072
305.33,0.403330242,715.7287682
305.83,0.405216269,717.1120877
306.33,0.406880398,718.4423908
306.83,0.407452565,719.7759229
307.33,0.409658598,721.090394
307.83,0.411266754,722.3461723
308.33,0.413648324,723.655748
308.83,0.416316632,724.9021
309.33,0.417467185,726.2786492
309.83,0.419702856,727.6254093
310.33,0.421498928,728.9810749
310.83,0.424659475,730.259195
311.33,0.426116198,731.5084113
311.83,0.428441825,732.7668456
312.33,0.430469405,734.0290816
312.83,0.432659876,735.2972026
313.33,0.435421918,736.5340762
313.83,0.437880052,737.7951665
314.33,0.439179629,739.0201661
314.83,0.441932268,740.261831
315.33,0.444769208,741.4783938
315.83,0.446980747,742.717611
316.33,0.448401196,743.8789182
316.83,0.451968015,745.0497558
317.33,0.454191903,746.232936
317.83,0.456579245,747.4973594
318.33,0.45850958,748.7419928
318.83,0.460721773,749.9754813
319.33,0.462223756,751.1335595
319.83,0.465354458,752.2805971
320.33,0.467487586,753.44706
320.83,0.470536813,754.6411769
321.33,0.47267015,755.8070149
321.83,0.47465256,756.9660826
322.33,0.476932985,758.1390555
322.83,0.479401296,759.3327557
323.33,0.481707581,760.4907298
323.83,0.482036157,761.5984478
324.33,0.486073702,762.7204874
324.83,0.48870041,763.8344549
325.33,0.489766632,764.9291531
325.83,0.492508231,765.9943227
326.33,0.494361347,767.1631812
326.83,0.497139815,768.3650578
327.33,0.499339331,769.5085019
327.83,0.502269084,770.5664325
328.33,0.504397124,771.6180615
328.83,0.505336849,772.6795855
329.33,0.509230311,773.7771481
329.83,0.512670872,774.8296625
330.33,0.514530445,775.8795729
330.83,0.517186671,776.9602619
331.33,0.520411435,778.0552726
331.83,0.522525191,779.1319516
332.33,0.524977464,780.1856637
332.83,0.528385887,781.2357825
333.33,0.529562359,782.2267396
333.83,0.533316201,783.2248836
334.33,0.535438944,784.2026126
334.83,0.538667219,785.2599182
335.33,0.541205072,786.3062352
335.83,0.543327815,787.3367202
336.33,0.546965962,788.2778899
336.83,0.550495497,789.2196845
337.33,0.553143986,790.1675203
337.83,0.556134384,791.1451973
338.33,0.557261816,792.1077193
338.814775,0.561277876,793.0275887
339.32,0.563206902,793.9956311
339.82,0.566986276,794.9866924
340.308775,0.570983054,795.9223938
340.81,0.573379145,796.8524707
341.31,0.575442077,797.770986
341.81,0.579049276,798.6671075
342.31,0.581405196,799.5617187
342.81,0.584482424,800.445862
343.31,0.587505375,801.3935415
343.81,0.590553263,802.3527826
344.31,0.593626206,803.2809846
344.81,0.596052173,804.1502854
345.31,0.598774281,805.0132847
345.81,0.601435329,805.8724822
346.31,0.604906301,806.7390749
346.81,0.607895091,807.5937937
347.31,0.611399392,808.4751247
347.81,0.613318776,809.3710899
348.307775,0.617352393,810.2789291
348.81,0.620027128,811.1553647
349.31,0.622547842,811.9743574
349.81,0.624966726,812.8265763
350.27,0.628980645,813.5834909
350.77,0.632718358,814.3879535
351.27,0.634888773,815.1571587
351.764775,0.638895549,815.9971912
352.21,0.642931428,816.7611364
352.71,0.646135064,817.6178862
353.21,0.647496802,818.396726
353.71,0.651394192,819.1797842
354.21,0.653593054,819.9706021
354.71,0.656439189,820.7912092
355.21,0.65996307,821.5754131
355.71,0.663453682,822.3569089
356.21,0.666652199,823.151164
356.71,0.67028136,823.9574494
357.21,0.673744357,824.7767024
357.71,0.676563235,825.5418975
358.21,0.679678612,826.2948541
358.71,0.683189994,827.0108867
359.21,0.686745655,827.7435846
359.71,0.690079805,828.4648772
359.84,0.690784093,828.6536632
360.34,0.694521926,829.4386483
360.84,0.698557388,830.2126968
361.34,0.701435185,830.9390932
361.84,0.704236149,831.6240347
362.34,0.707917801,832.3227251
362.84,0.71088963,833.019072
363.34,0.714623773,833.7162
363.84,0.718409039,834.3966107
364.34,0.721089666,835.1044148
364.84,0.724983901,835.8245096
365.34,0.728489273,836.5758518
365.84,0.732547588,837.2779794
366.34,0.735170249,837.947141
366.84,0.738965751,838.6384883
367.34,0.742681742,839.2785378
367.84,0.745598997,839.9442623
368.34,0.749663085,840.5733752
368.84,0.753563094,841.2806066
369.34,0.7561948,842.0002326
369.84,0.760330186,842.6907987
370.34,0.763661896,843.2676245
370.84,0.767336406,843.9039764
371.34,0.770836481,844.5891263
371.84,0.774610141,845.2612044
372.34,0.777790507,845.8602678
372.84,0.781480967,846.5124518
373.34,0.784914684,847.1768742
373.84,0.788555747,847.8614512
374.34,0.79298043,848.4960325
374.84,0.796564063,849.1383735
375.34,0.800393011,849.7692051
375.84,0.803585399,850.369883
376.34,0.807082855,850.9491044
376.84,0.810423492,851.5539486
377.34,0.814317073,852.2180066
377.84,0.817644498,852.8695655
378.34,0.821736796,853.472587
378.84,0.825442015,854.0070726
379.34,0.828598218,854.5670769
379.84,0.832571429,855.1708275
380.34,0.836280338,855.7614542
380.84,0.84019094,856.3438003
381.34,0.843933712,856.9479675
381.84,0.846516023,857.5092217
382.34,0.850860719,858.1304708
382.84,0.854692525,858.7294822
383.34,0.858253423,859.3082349
383.84,0.861257984,859.8630313
384.34,0.865777949,860.3765291
384.84,0.868915227,860.8857044
385.34,0.873583442,861.4433652
385.84,0.877093931,862.0313879
386.34,0.881103267,862.6211813
386.84,0.885325067,863.1499904
387.34,0.888707899,863.642865
387.84,0.892300756,864.1744342
388.34,0.896701753,864.7276682
388.84,0.900535463,865.2620497
389.34,0.904349891,865.770548
389.84,0.908715655,866.3222197
390.34,0.913168905,866.8937855
390.84,0.916626844,867.4655596
391.34,0.920492275,867.9857756
391.84,0.92451149,868.529323
392.34,0.928421556,869.0553198
392.84,0.931900325,869.5684531
393.34,0.936260555,870.0355486
393.84,0.939915247,870.5396202
394.34,0.943600231,871.0857715
394.84,0.947538567,871.6615036
395.34,0.950748987,872.1533887
395.84,0.955408512,872.5940282
396.34,0.958439439,873.0831011
396.84,0.962098594,873.5613415
397.34,0.966916486,874.0633299
397.84,0.970482443,874.5006884
398.34,0.973989838,875.0039788
398.84,0.977449919,875.535496
399.34,0.981000819,876.0772206
399.84,0.985024497,876.5363481
400.34,0.989545058,877.0227649
400.84,0.992703284,877.4853296
401.34,0.996575023,877.9333122
401.84,1.000151395,878.3904607
402.34,1.003918747,878.884481
402.84,1.008642369,879.4081863
403.34,1.012895474,879.9082478
403.84,1.016661516,880.3707084
404.34,1.019699822,880.8070253
404.84,1.025440418,881.2633405
405.34,1.027830856,881.7003866
405.84,1.031230887,882.1354536
406.34,1.037454856,882.570729
406.84,1.041404082,883.0240236
407.34,1.045381756,883.5014829
407.84,1.049398115,883.9785255
408.34,1.053444587,884.4154674
408.84,1.057527601,884.8663664
409.34,1.061767136,885.2778938
409.84,1.066428269,885.6755682
410.34,1.069933759,886.089387
410.84,1.073645763,886.5586178
411.34,1.079032608,887.030765
411.84,1.081940103,887.5285351
412.34,1.086454117,887.9254804
412.84,1.090487734,888.2829499
413.34,1.094372685,888.6756247
413.84,1.097393732,889.1006926
414.34,1.102011776,889.5243023
414.84,1.106300947,889.8875004
415.34,1.110338016,890.306423
415.84,1.113523916,890.7512809
416.34,1.116741835,891.2285318
416.84,1.120372781,891.6080828
417.34,1.124830614,892.0109651
417.84,1.129146089,892.4164513
418.34,1.133189586,892.8025642
418.84,1.136810652,893.1828442
419.34,1.140688938,893.6085371
419.84,1.144197523,894.0621442
420.34,1.148493359,894.4993986
420.84,1.152138707,894.8844699
421.34,1.155731445,895.2356899
421.84,1.160012164,895.6248233
422.34,1.164838745,896.0185398
422.84,1.168971632,896.3960075
423.34,1.172790166,896.7463943
423.84,1.177066124,897.1384442
424.34,1.180123117,897.5345562
424.84,1.184055085,897.9539996
425.34,1.18888845,898.3277177
425.84,1.192794351,898.7202884
426.34,1.197484526,899.0650506
426.84,1.202366455,899.4102295
427.34,1.206278664,899.7675948
427.84,1.210920394,900.1982872
428.34,1.214329829,900.6006487
428.84,1.218419509,901.0298829
429.34,1.222124133,901.3740203
429.84,1.225837684,901.7053461
430.34,1.231029443,902.0626073
430.84,1.236307378,902.3928916
431.34,1.239820486,902.7426535
431.84,1.243666039,903.0884573
432.34,1.247807496,903.4300948
432.84,1.252334841,903.7996466
433.34,1.256044821,904.1949254
433.84,1.259891207,904.5071904
434.34,1.263685936,904.8404953
434.84,1.267559579,905.1704671
435.34,1.271920285,905.4873151
435.84,1.27470899,905.8205158
436.34,1.27932632,906.2038164
436.84,1.283009519,906.6289885
437.34,1.287835862,907.0237465
437.84,1.292069922,907.3142425
438.34,1.297061119,907.6016138
438.84,1.300013487,907.9360645
439.34,1.30296157,908.2495794
439.84,1.307336559,908.5624693
440.34,1.311597996,908.8562984
440.84,1.316907711,909.1879368
441.34,1.320225256,909.5575928
441.84,1.324377901,909.9014176
442.34,1.328081335,910.223161
442.84,1.333365579,910.5341761
443.34,1.339234844,910.8257137
443.84,1.343140506,911.1437074
444.34,1.347509425,911.4454525
444.84,1.350548564,911.8138586
445.34,1.356187987,912.1941386
445.84,1.358013399,912.5533788
446.34,1.363409409,912.8418958
446.84,1.375114374,913.1290588
447.34,1.370482523,913.4491357
447.84,1.377710849,913.7530681
448.34,1.380624175,914.0663747
448.84,1.386927297,914.3528086
449.34,1.389842767,914.6884049
449.84,1.390470758,914.9997325
450.34,1.398085448,915.3382453
450.84,1.402869536,915.6219711
451.34,1.406083052,915.9092382
451.84,1.408144139,916.1502593
452.34,1.415403531,916.4110704
452.84,1.418834986,916.6808391
453.34,1.423420774,917.0435165
453.84,1.427255138,917.3820292
454.34,1.431530501,917.7076264
454.84,1.435391409,917.9722914
455.34,1.438368534,918.2240407
455.84,1.444265771,918.5174532
456.34,1.45014325,918.8219064
456.84,1.453519119,919.1056322
457.34,1.458487462,919.3773798
457.84,1.458567806,919.6674592
458.34,1.46497234,919.9990976
458.84,1.469237942,920.3114668
459.34,1.474390779,920.5660284
459.84,1.479167725,920.8231939
460.34,1.482005946,921.0696312
460.84,1.485090791,921.3134646
461.34,1.491555077,921.5621934
461.84,1.495770807,921.8915403
462.34,1.499175481,922.2231786
462.84,1.504611247,922.5357561
463.34,1.508235289,922.7523001
463.84,1.512056561,922.993842
464.34,1.516574979,923.2641315
464.84,1.521477261,923.5595229
465.34,1.52569192,923.8076267
465.84,1.53076227,924.0653131
466.34,1.532077886,924.3312279
466.84,1.539415003,924.6435971
467.34,1.544252773,924.9285728
467.84,1.546063782,925.1611571
468.34,1.54975567,925.4092609
468.84,1.557016015,925.6183056
469.34,1.559673074,925.8326623
469.84,1.563031922,926.0930567
470.34,1.569982556,926.4098005
470.84,1.573262132,926.7166493
471.34,1.57687201,926.9974587
471.84,1.581903795,927.2157734
472.34,1.586448637,927.4675228
472.84,1.591394484,927.7135434
473.34,1.595279435,927.9829996
473.84,1.599874031,928.2257914
474.34,1.604211051,928.4738952
474.84,1.609787269,928.70148
475.34,1.613727926,928.988018
475.84,1.618024357,929.2716397
476.34,1.621909427,929.4955789
476.84,1.627119873,929.7284757
477.34,1.630478602,929.919501
477.84,1.635120928,930.1210463
478.34,1.638314208,930.3654005
478.84,1.643907805,930.6267324
479.34,1.647774426,930.912333
479.84,1.652075023,931.1741856
480.34,1.656965641,931.3407339
480.84,1.660796673,931.5787344
481.34,1.664425953,931.8380873
481.84,1.668414696,932.1023356
482.34,1.674429771,932.3152341
482.84,1.6793949,932.533028
483.34,1.681868419,932.7875896
483.84,1.685728375,933.0718362
484.34,1.690205966,933.3019207
484.84,1.695030166,933.4874257
485.34,1.698845844,933.7306342
485.84,1.703785263,933.9300963
486.34,1.708399498,934.1309125
486.84,1.71198807,934.324021
487.34,1.717869596,934.5951437
487.84,1.72129998,934.8451224
488.34,1.7268687,935.0965593
488.84,1.730204099,935.261441
489.34,1.73527933,935.4780892
489.84,1.74038396,935.7022367
490.34,1.74458981,935.9326337
490.84,1.748721388,936.1520942
491.34,1.75369235,936.3859284
491.84,1.758127448,936.605493
492.34,1.763238268,936.8719286
492.84,1.766815294,937.0893059
493.34,1.772114773,937.3162657
493.84,1.77607007,937.521144
494.34,1.781356574,937.7053991
494.84,1.78630135,937.8957996
495.34,1.790386745,938.1091147
495.84,1.795043592,938.3612807
496.34,1.798130461,938.5976147
496.84,1.803630621,938.8360318
497.34,1.807753033,938.9652916
497.84,1.812371911,939.1592334
498.34,1.817028163,939.3687989
498.84,1.821087014,939.5607616
499.34,1.825203832,939.7644943
499.84,1.828242495,939.9914541
500.34,1.833647432,940.2021652
500.84,1.837600944,940.4471443
501.34,1.84214531,940.6519185
501.84,1.845691151,940.8471102
502.34,1.851268917,941.0309487
502.84,1.85495045,941.1954138
503.34,1.858796241,941.3543586
503.84,1.863175515,941.5324684
504.34,1.867721071,941.7700523
504.84,1.873343116,942.0363837
505.34,1.87817422,942.2255343
505.84,1.882158203,942.3509402
506.34,1.887228672,942.5442571
506.84,1.89113731,942.7387196
507.34,1.89583427,942.9547429
507.84,1.901344666,943.1003554
508.34,1.904654356,943.2833607
508.84,1.909028988,943.5118828
509.34,1.914175397,943.7459253
509.84,1.919848028,943.9214312
510.34,1.924410129,944.0974579
510.84,1.928356856,944.2680683
511.34,1.933684783,944.4470114
511.84,1.939753777,944.6142887
512.34,1.944518701,944.7960441
512.84,1.947110534,945.0179001
513.34,1.953114658,945.2528801
513.84,1.957268493,945.4486967
514.34,1.960686379,945.5654576
514.84,1.964592399,945.7463796
515.34,1.968917277,945.9194899
515.84,1.973682321,946.1072863
516.34,1.975682465,946.2708141
516.84,1.982525141,946.4843375
517.34,1.986180131,946.6867161
517.84,1.991504486,946.9072181
518.34,1.997388511,947.1218873
518.84,1.999760261,947.2982264
519.34,2.005016057,947.4502967
519.84,2.009077526,947.5766401
520.34,2.012018706,947.7421468
520.84,2.01809865,947.9186943
521.34,2.020916279,948.1455499
521.84,2.026225399,948.3657395
522.34,2.032038721,948.5482239
522.84,2.036265878,948.6695677
523.34,2.040995808,948.8136179
523.84,2.046006883,948.9710003
524.34,2.04991195,949.123279
524.84,2.053261633,949.2675375
525.34,2.058750247,949.4286696
525.84,2.064282901,949.62834
526.34,2.06732573,949.840197
526.84,2.072038521,949.9696651
527.34,2.077121726,950.1374633
527.84,2.081830946,950.2722434
528.34,2.086528739,950.4275427
528.84,2.092537029,950.5376375
529.34,2.096686579,950.6929367
529.84,2.101330571,950.9243753
530.34,2.105858392,951.1437316
530.84,2.1104393,951.2873651
531.34,2.114877612,951.3701706
531.84,2.118455114,951.5241158
532.34,2.123631875,951.6858728
532.84,2.128843393,951.8633577
533.34,2.132307343,951.9759522
533.84,2.137461964,952.1319806
534.34,2.141547478,952.3118611
534.84,2.145764398,952.5180935
535.34,2.150630258,952.6540194
535.84,2.154840989,952.8179637
536.34,2.159383094,952.9497233
536.84,2.164627701,953.0587765
537.34,2.168669412,953.2200127
537.84,2.174057804,953.3778118
538.34,2.176381943,953.5773781
538.84,2.1825045,953.7512174
539.34,2.186170083,953.9197447
539.84,2.191602516,954.0500461
540.34,2.197191828,954.1910757
540.84,2.202112917,954.3342926
541.34,2.205590198,954.4816759
541.84,2.210343934,954.6240596
542.34,2.215531169,954.778838
542.84,2.219886162,954.9619474
543.34,2.223752426,955.1489106
543.84,2.228863484,955.285149
544.34,2.234114756,955.4193042
544.84,2.238750417,955.5272117
545.34,2.243128263,955.6604295
545.84,2.248003169,955.7887519
546.34,2.253090659,955.9516546
546.84,2.257847014,956.1393469
547.34,2.263327534,956.3228729
547.84,2.267321158,956.4396338
548.34,2.272629802,956.5274388
548.84,2.276921472,956.6723223
549.34,2.28128313,956.808144
549.84,2.286149943,956.9496945
550.34,2.28964722,957.0368745
550.84,2.295500298,957.1785291
551.34,2.29987124,957.3509102
551.84,2.304739719,957.5279784
552.34,2.309203979,957.6390106
552.84,2.313094525,957.7692079
553.34,2.317423807,957.8830523
553.84,2.322926467,957.9933554
554.34,2.327831368,958.0811604
554.84,2.331921405,958.2203152
555.34,2.336558255,958.4040495
555.84,2.340820882,958.5996578
556.34,2.345415121,958.7175644
556.84,2.35007173,958.8319297
557.34,2.354665731,958.9602521
557.84,2.358403445,959.0884703
558.34,2.363116473,959.220334
558.84,2.368103266,959.3290748
559.34,2.371875974,959.471146
559.84,2.377357923,959.6135296
560.34,2.381484144,959.7711204
560.84,2.386209075,959.9106918
561.34,2.391563426,960.0665118
561.84,2.396809461,960.161712
562.34,2.401390368,960.267328
562.84,2.405128082,960.38086
563.34,2.410418634,960.5361592
563.84,2.415264498,960.7164564
564.34,2.420391981,960.8961285
564.84,2.425239511,960.9979948
565.34,2.430645996,961.0837167
565.84,2.434372522,961.2013108
566.34,2.439286945,961.3071351
566.84,2.444209463,961.4257708
567.34,2.448779182,961.5321159
567.84,2.45323392,961.681999
568.34,2.457912192,961.8289656
568.84,2.462355979,961.979057
569.34,2.466491246,962.0580085
569.84,2.472528817,962.18706
570.34,2.476616473,962.282781
570.84,2.481960826,962.3732941
571.34,2.486423895,962.4639114
571.84,2.489861183,962.604941
572.34,2.495806388,962.785134
572.84,2.500468235,962.9626189
573.34,2.504655636,963.0500072
573.84,2.508301222,963.1342709
574.34,2.513615104,963.2656138
574.84,2.518979453,963.3870618
575.34,2.523734141,963.4993439
575.84,2.529017551,963.5692338
576.34,2.533362307,963.6940148
576.84,2.538635005,963.8537928
577.34,2.543654887,963.9895104
577.84,2.548693814,964.0761697
578.34,2.553598954,964.1623081
578.84,2.557401181,964.2306357
579.34,2.56166595,964.3280232
579.84,2.566729635,964.4208278
580.34,2.571575974,964.5888343
580.84,2.576810583,964.7410088
581.34,2.580126224,964.9066196
581.84,2.586789644,964.994633
582.34,2.590578777,965.0835837
582.84,2.596051204,965.1658683
583.34,2.600733285,965.2654432
583.84,2.605419413,965.3794959
584.34,2.610560228,965.4792791
584.84,2.615107332,965.6018728
585.34,2.619508031,965.7313409
585.84,2.624858811,965.8721622
586.34,2.628812441,965.9621546
586.84,2.633820897,966.060792
587.34,2.638601771,966.1181829
587.84,2.643778771,966.2070295
588.34,2.648360868,966.3049378
588.84,2.652774185,966.4497171
589.34,2.658258752,966.6050164
589.84,2.662342123,966.7529204
590.34,2.667135614,966.8301013
590.84,2.671563452,966.9285304
591.34,2.677295597,967.0178978
591.84,2.681940303,967.1220556
592.34,2.686256493,967.2111105
592.84,2.691301133,967.3011028
593.34,2.695698262,967.4052606
593.84,2.700220607,967.556706
594.34,2.7053519,967.6660717
594.84,2.710139678,967.7312744
595.34,2.715584728,967.8130383
595.84,2.720213008,967.8878236
596.34,2.724599424,967.9470893
596.84,2.729729289,968.0004181
597.34,2.734394944,968.1443642
597.84,2.73938126,968.296747
598.34,2.745176014,968.4520463
598.84,2.74927224,968.4956884
599.34,2.754161668,968.5932842
599.84,2.758661399,968.6728607
600.34,2.76320874,968.7845179
600.84,2.768862565,968.8624279
601.34,2.772997832,968.9301305
601.84,2.778033664,969.033455
602.34,2.782080375,969.1565695
602.84,2.788031769,969.2771842
603.34,2.791901842,969.3333252
603.84,2.79780872,969.4255049
604.34,2.802400579,969.4584187
604.84,2.806668205,969.5224757
605.34,2.811684992,969.5891367
605.84,2.816798431,969.7182924
606.34,2.821561689,969.8469272
606.84,2.825993811,969.9693126
607.34,2.829927445,970.0519097
607.84,2.835857415,970.1295073
608.34,2.840575681,970.2315819
608.84,2.84591432,970.316158
609.34,2.849469683,970.4007341
609.84,2.854663346,970.4928096
610.34,2.859086184,970.5918637
610.84,2.863652094,970.7365388
611.34,2.86894098,970.8477793
611.84,2.873309066,970.9301681
612.34,2.878307999,971.0019328
612.84,2.884022766,971.0509911
613.34,2.888290154,971.0856757
613.84,2.892132137,971.1452539
614.34,2.898170422,971.2697225
614.84,2.902130718,971.3837753
615.34,2.907646946,971.5265756
615.84,2.912182385,971.5642807
616.34,2.916296703,971.6211508
616.84,2.921703903,971.7152053
617.34,2.9268321,971.8086348
617.84,2.931378966,971.8682131
618.34,2.935799186,971.9313327
618.84,2.940621958,972.0210125
619.34,2.944894583,972.1775617
619.84,2.949730924,972.2868232
620.34,2.955459261,972.337548
620.84,2.961082615,972.42202
621.34,2.965020772,972.4931598
621.84,2.970093502,972.5281568
622.34,2.975331682,972.5703407
622.84,2.98001781,972.6759567
623.34,2.984290911,972.7888637
623.84,2.990323483,972.8967711
624.34,2.994650147,972.9241646
624.84,2.999740494,972.9837429
625.34,3.004507323,973.068319
625.84,3.0098193,973.1485205
626.34,3.01404598,973.1887254
626.84,3.01930868,973.2686144
627.34,3.024037658,973.3379835
627.84,3.02870498,973.4708888
628.34,3.033849603,973.5684847
628.84,3.03835219,973.6410826
629.34,3.043717492,973.7125349
629.84,3.048617394,973.7638846
630.34,3.052647202,973.8154427
630.84,3.058097489,973.9063725
631.34,3.062387255,974.0306327
631.84,3.068330079,974.15031
632.34,3.072483915,974.2292616
632.84,3.077576404,974.2640503
633.34,3.082039712,974.3110255
633.84,3.08725242,974.3655
634.34,3.09310883,974.4562214
634.84,3.096145708,974.5307984
635.34,3.101039183,974.6214156
635.84,3.107264818,974.7372391
636.34,3.111868578,974.8704569
636.84,3.117460509,974.9350347
637.34,3.122175442,974.9712816
637.84,3.126573046,975.0274227
638.34,3.132379703,975.0567952
638.84,3.137039883,975.0965834
639.34,3.142081191,975.1654317
639.84,3.146064102,975.2847965
640.34,3.151478919,975.4241596
640.84,3.15680875,975.5176933
641.34,3.162475668,975.5069651
641.84,3.167505787,975.5365459
642.34,3.172568757,975.6408078
642.84,3.177311066,975.6992403
643.34,3.182685176,975.7219467
643.84,3.187418915,975.819855
644.34,3.192967996,975.8993274
644.84,3.19804644,976.0391072
645.34,3.203853096,976.0952482
645.84,3.208082395,976.1522225
646.34,3.214249469,976.2044056
646.84,3.216801665,976.2283618
647.34,3.222590467,976.2665878
647.84,3.227487513,976.3186666
648.34,3.233716243,976.4308446
648.84,3.23774129,976.5243783
649.34,3.241896554,976.5977053
649.84,3.246120616,976.5998926
650.34,3.251382125,976.6521798
650.84,3.256761709,976.7012382
651.34,3.262083208,976.773732
651.84,3.26757087,976.8157076
652.34,3.273334677,976.9039292
652.84,3.277576117,976.9709026
653.34,3.282832627,977.0905799
653.84,3.28815603,977.1953627
654.34,3.292119421,977.247754
654.84,3.29726952,977.2869173
655.34,3.303872235,977.2791055
655.84,3.307359514,977.2982705
656.34,3.312626499,977.3769097
656.84,3.317411896,977.4876294
657.34,3.322031607,977.6098065
657.84,3.327677814,977.6928202
658.34,3.333296407,977.7222969
658.84,3.337792804,977.767293
659.34,3.343755864,977.8329124
659.84,3.34835034,977.8978027
660.34,3.352930058,977.9301958
660.84,3.358343446,977.9946695
661.34,3.364204618,978.0886198
661.84,3.368981207,978.2152756
662.34,3.374249382,978.2672504
662.84,3.379430904,978.3115174
663.34,3.384616473,978.3443271
663.84,3.388929806,978.3810948
664.34,3.39392993,978.397031
664.84,3.398440373,978.443902
665.34,3.40435844,978.5501429
665.84,3.409824438,978.6704451
666.34,3.413875434,978.7241905
666.84,3.419097187,978.7138789
667.34,3.424660313,978.7549171
667.84,3.429372865,978.7899141
668.34,3.434563434,978.8369934
668.84,3.43924861,978.8557418
669.34,3.444224928,978.919903
669.84,3.448512313,978.9890638
670.34,3.454157092,979.0957213
670.84,3.459602618,979.1688401
671.34,3.463685512,979.2188358
671.84,3.469303867,979.2529996
672.34,3.474332796,979.2585199
672.84,3.47943076,979.2940377
673.34,3.484183782,979.3603862
673.84,3.489741432,979.4496495
674.34,3.494697992,979.5184978
674.84,3.500065674,979.5766178
675.34,3.504309494,979.5982826
675.84,3.50971717,979.624947
676.34,3.515843059,979.6586941
676.84,3.521286205,979.7035861
677.34,3.525952812,979.754311
677.84,3.530867712,979.801182
678.34,3.536285862,979.8857581
678.84,3.5406549,979.9833539
679.34,3.545974256,980.031579
679.84,3.549947645,980.0918863
680.34,3.555570523,980.1139678
680.84,3.560145479,980.1381324
681.34,3.565940947,980.1800038
681.84,3.57139671,980.2594762
682.34,3.57692008,980.3792576
682.84,3.580943223,980.4919564
683.34,3.586822963,980.5407022
683.84,3.59158146,980.5323696
684.34,3.596125945,980.579553
684.84,3.601539572,980.6182997
685.34,3.606729426,980.662671
685.84,3.612025215,980.6667331
686.34,3.615893145,980.7213118
686.84,3.621736939,980.8154704
687.34,3.626037655,980.920149
687.84,3.63107182,980.9281691
688.34,3.637565982,980.9430637
688.84,3.642567296,980.9862892
689.34,3.646613292,981.000038
689.84,3.652240455,981.0229527
690.34,3.657275335,981.0874264
690.84,3.663983985,981.1985627
691.34,3.669167888,981.2839721
691.84,3.674568898,981.3210523
692.34,3.678491819,981.3133446
692.84,3.684878142,981.3556327
693.34,3.689977773,981.3718813
693.84,3.694655569,981.4094822
694.34,3.69897771,981.4096905
694.84,3.705519721,981.4369799
695.34,3.709407886,981.4965581
695.84,3.714277793,981.5542615
696.34,3.719883293,981.6047781
696.84,3.725403092,981.6603983
697.34,3.730919321,981.6606066
697.84,3.735610448,981.6889375
698.34,3.739834272,981.7125814
698.84,3.744690372,981.8011155
699.34,3.75139069,981.8754841
699.84,3.755922558,981.966518
700.34,3.760245175,982.0096393
700.84,3.765661421,982.0357829
701.34,3.770895791,982.0722382
701.84,3.774789908,982.1008816
702.34,3.782033469,982.1436904
702.84,3.786852671,982.1416072
703.34,3.791578316,982.1884782
703.84,3.796674376,982.271492
704.34,3.801801146,982.3470064
704.84,3.806377768,982.363255
705.34,3.812414149,982.394919
705.84,3.817106228,982.410126
706.34,3.823281157,982.4440814
706.84,3.826341841,982.4591843
707.34,3.831355772,982.5320948
707.84,3.837873025,982.6522928
708.34,3.843348546,982.7625959
708.84,3.848168462,982.7798861
709.34,3.854105335,982.7799903
709.84,3.859418978,982.8115501
710.34,3.862773898,982.8513384
710.84,3.870372401,982.8733156
711.34,3.874469103,982.8859187
711.84,3.879918914,982.9393517
712.34,3.884610994,983.0054919
712.84,3.890495733,983.083506
713.34,3.895444198,983.0788189
713.84,3.900614532,983.1352725
714.34,3.906122905,983.14423
714.84,3.912319735,983.1747483
715.34,3.916863506,983.1681863
715.84,3.923518355,983.2397427
716.34,3.928081171,983.3064037
716.84,3.933703334,983.3893133
717.34,3.938766543,983.372648
717.84,3.943398632,983.3960835
718.34,3.947311079,983.4072284
718.84,3.952592823,983.4289974
719.34,3.958029303,983.4652443
719.84,3.963756211,983.4829511
720.34,3.967464406,983.5253433
720.84,3.973001107,983.5954415
721.34,3.978205959,983.6739765
721.84,3.982389789,983.7020991
722.34,3.987426098,983.7323048
722.84,3.994131891,983.7093901
723.34,3.999661927,983.6869962
723.84,4.004578731,983.6975161
724.34,4.009713595,983.7746971
724.84,4.01550692,983.8420871
725.34,4.021516877,983.9261425
725.84,4.027124519,983.9592646
726.34,4.032503627,983.9606187
726.84,4.036869094,983.9915536
727.34,4.041677821,984.0385287
727.84,4.04665652,984.0738382
728.34,4.052603154,984.0789419
728.84,4.058470276,984.0978986
729.34,4.064062683,984.1804958
729.84,4.068454812,984.2264293
730.34,4.073691563,984.2234088
730.84,4.079201603,984.2605931
731.34,4.084608326,984.2520522
731.84,4.089634159,984.2545519
732.34,4.09547462,984.2544478
732.84,4.100183364,984.3242335
733.34,4.105694831,984.4149549
733.84,4.111020139,984.5236956
734.34,4.11712389,984.5180711
734.84,4.122194954,984.5117175
735.34,4.129043343,984.5556721
735.84,4.131763368,984.5769203
736.34,4.135966481,984.5993142
736.84,4.14367806,984.5983768
737.34,4.15035981,984.6327488
737.84,4.155804146,984.6965976
738.34,4.160776655,984.7611754
738.84,4.165249724,984.7639876
739.34,4.170001317,984.7984639
739.84,4.175593724,984.7589881
740.34,4.179592109,984.7381565
740.84,4.186865189,984.7388856
741.34,4.191491089,984.8171081
741.84,4.1967107,984.8702286
742.34,4.202189316,984.9090794
742.84,4.207599848,984.9226199
743.34,4.213163212,984.9191827
743.84,4.219355043,984.9369937
744.34,4.224371354,984.9645955
744.84,4.230188485,984.9784485
745.34,4.23570519,985.003863
745.84,4.241782278,985.0255278
746.34,4.245331214,985.1020838
746.84,4.251552564,985.1521837
747.34,4.256764557,985.1673907
747.84,4.261842763,985.178119
748.34,4.267109034,985.1592664
748.84,4.272857129,985.1443718
749.34,4.2787452,985.1571833
749.84,4.284051464,985.222386
750.34,4.28911253,985.2999836
750.84,4.293568934,985.3964337
751.34,4.300568727,985.357687
751.84,4.304798502,985.3699776
752.34,4.311039372,985.3898717
752.84,4.315933323,985.427681
753.34,4.320892025,985.4286184
753.84,4.327226214,985.4229939
754.34,4.332084456,985.4830929
754.84,4.336933653,985.5466292
755.34,4.343230704,985.6122486
755.84,4.349413489,985.6051659
756.34,4.354855444,985.6320386
756.84,4.360246456,985.6414128
757.34,4.365427978,985.6416211
757.84,4.370271461,985.6302679
758.34,4.375602482,985.6810969
758.84,4.380563089,985.747862
759.34,4.386269286,985.8390001
759.84,4.393051019,985.8275427
760.34,4.39797068,985.8448329
760.84,4.403048886,985.8786842
761.34,4.409186917,985.893058
761.84,4.414777419,985.9001407
762.34,4.420815942,985.9242011
762.84,4.425837014,985.9623229
763.34,4.430901413,986.0278381
763.84,4.437235602,986.0554399
764.34,4.443101772,986.0728343
764.84,4.448030955,986.0591896
765.34,4.453887128,986.0276298
765.84,4.458224028,986.0136727
766.34,4.464494418,986.0084648
766.84,4.469725932,986.0524194
767.34,4.475960136,986.0826251
767.84,4.480555089,986.1197053
768.34,4.486936889,986.0866873
768.84,4.491792275,986.099082
769.34,4.497650828,986.1171013
769.84,4.502653332,986.1587645
770.34,4.508076719,986.1569938
770.84,4.513293473,986.1734507
771.34,4.518905877,986.2376119
771.84,4.52450114,986.3070851
772.34,4.529168938,986.3474983
772.84,4.536352509,986.331458
773.34,4.540969839,986.3422905
773.84,4.546534155,986.3215631
774.34,4.551437628,986.3032313
774.84,4.557241904,986.3052103
775.34,4.562770036,986.3546852
775.84,4.568032021,986.4480106
776.34,4.573468739,986.4692588
776.84,4.579927669,986.4255125
777.34,4.585204413,986.4332202
777.84,4.591050587,986.4622802
778.34,4.59610832,986.5095679
778.84,4.601591221,986.495819
779.34,4.607336936,986.5159215
779.84,4.612667481,986.5563347
780.34,4.617884235,986.6305992
780.84,4.624231755,986.687261
781.34,4.6297337,986.6830947
781.84,4.63583507,986.6809074
782.34,4.640884233,986.6752829
782.84,4.64627953,986.6526806
783.34,4.652312339,986.6668461
783.84,4.658061387,986.7245495
784.34,4.663040085,986.785586
784.84,4.669497111,986.8124587
785.34,4.675556583,986.7616297
785.84,4.679565442,986.7718371
786.34,4.68616292,986.773712
786.84,4.691293975,986.7986057
787.34,4.696168405,986.7956893
787.84,4.702922524,986.8162084
788.34,4.70923243,986.8362066
788.84,4.71306132,986.9248449
789.34,4.718983671,986.9551548
789.84,4.724173764,986.9655706
790.34,4.729590485,986.950676
790.84,4.734860564,986.910367
791.34,4.741532792,986.8982847
791.84,4.747495137,986.9034926
792.34,4.751576841,986.9615085
792.84,4.757638694,987.0208784
793.34,4.762517885,987.0520216
793.84,4.769163451,986.9897352
794.34,4.773867909,986.9886936
794.84,4.780453961,987.0033799
795.34,4.786093502,986.9923392
795.84,4.791575927,987.0124416
796.34,4.797369729,987.0224408
796.84,4.803405871,987.0751446
797.34,4.809171106,987.1803439
797.84,4.814071723,987.1735737
798.34,4.819241342,987.1822188
798.84,4.826247324,987.1831562
799.34,4.830445676,987.1735737
799.84,4.83666655,987.1523255
800.34,4.842471302,987.1563877
800.84,4.848750261,987.2161742
801.34,4.85369468,987.283356
801.84,4.8588324,987.3032501
802.34,4.865133261,987.249713
802.84,4.870959438,987.2522128
803.34,4.876567556,987.2755442
803.84,4.881040624,987.3132493
804.34,4.886650647,987.2739818
804.84,4.891718379,987.2888763
805.34,4.897067968,987.3169989
805.84,4.903271702,987.3955339
806.34,4.910349577,987.4088661
806.84,4.917218439,987.398242
807.34,4.921558196,987.3959505
807.84,4.926581649,987.3716818
808.34,4.932638264,987.3640783
808.84,4.937212744,987.3666822
809.34,4.945259506,987.420011
809.84,4.94884653,987.4760479
810.34,4.955921548,987.4943796
810.84,4.961114497,987.4594868
811.34,4.967260622,987.4799017
811.84,4.973632423,987.4534456
812.34,4.97886965,987.4455296
812.84,4.984111162,987.416053
813.34,4.990191583,987.4291769
813.84,4.994895566,987.4526124
814.34,5.001189285,987.5207316
814.84,5.007507761,987.5219815
815.34,5.014271878,987.52896
815.84,5.018959673,987.4917757
816.34,5.024442574,987.456987
816.84,5.029977371,987.4444881
817.34,5.036180629,987.4746938
817.84,5.04063989,987.5323972
818.34,5.046184685,987.6033287
818.84,5.053243039,987.6223896
819.34,5.058696897,987.5636446
819.84,5.064406427,987.5736437
820.34,5.069777442,987.5880175
820.84,5.075565054,987.5946836
821.34,5.080693728,987.5551036
821.84,5.086418493,987.5572909
822.34,5.092736018,987.5861426
822.84,5.098066563,987.6554076
823.34,5.103866078,987.6482207
823.84,5.109353264,987.6480124
824.34,5.116383051,987.651762
824.84,5.12163361,987.6420754
825.34,5.127876861,987.6205147
825.84,5.134716204,987.6503038
826.34,5.13868745,987.7119652
826.84,5.145054014,987.7761264
827.34,5.151060638,987.7774805
827.84,5.160242926,987.7406086
828.34,5.160005822,987.7509203
828.84,5.16878532,987.7670647
829.34,5.173710218,987.7623776
829.84,5.17849133,987.7380047
830.34,5.18567014,987.7443583
830.84,5.189675667,987.7407128
831.34,5.195001927,987.7954998
831.84,5.200657181,987.7843549
832.34,5.208034529,987.7999786
832.84,5.216981142,987.7584196
833.34,5.222321686,987.7321719
833.84,5.227793636,987.7294638
834.34,5.233087997,987.7886254
834.84,5.239805455,987.8383086
835.34,5.245869212,987.8793468
835.84,5.250852672,987.8772636
836.34,5.257682492,987.8326841
836.84,5.264169988,987.8189353
837.34,5.26926343,987.7951873
837.84,5.272991384,987.7858131
838.34,5.280380635,987.7693562
838.84,5.285020819,987.7630026
839.34,5.291513076,987.8107068
839.84,5.297959151,987.8569529
840.34,5.304677085,987.812165
840.84,5.309448199,987.8150814
841.34,5.31593141,987.798937
841.84,5.321356226,987.7572739
842.34,5.325198922,987.7440458
842.84,5.33246248,987.7518577
843.34,5.338371977,987.8025825
843.84,5.345034206,987.8763262
844.34,5.349783419,987.8644522
844.84,5.355829084,987.8227891
845.34,5.362367524,987.8413292
845.84,5.368137044,987.89997
846.34,5.374376963,987.9069486
846.84,5.380549273,987.8614317
847.34,5.386956307,987.8747639
847.84,5.393914201,987.936946
848.34,5.397377437,987.9823588
848.84,5.404476736,987.9524656
849.34,5.408971706,987.9410082
849.84,5.416133852,987.9330922
850.34,5.422845597,987.908511
850.84,5.427680986,987.8860129
851.34,5.43536019,987.9024698
851.84,5.440230335,987.9542362
852.34,5.441852923,988.0132937
852.84,5.446568808,987.9979825
853.34,5.451748902,987.9703807
853.84,5.454551771,987.9679851
854.34,5.468217602,987.9419456
854.84,5.476470044,987.9523614
855.34,5.481486831,987.9273635
855.84,5.488383307,987.9400708
856.34,5.492867802,987.9519448
856.84,5.500502727,987.9788175
857.34,5.505476665,987.9595483
857.84,5.511198574,987.927676
858.34,5.518055057,987.8879919
858.84,5.522970433,987.859661
859.34,5.529192735,987.8757013
859.84,5.536108255,987.9202808
860.34,5.541862064,987.9726722
860.84,5.547744422,988.0239178
861.34,5.553648682,987.9974617
861.84,5.561157438,987.9455911
862.34,5.564155512,987.9285093
862.84,5.571484774,987.8994492
863.34,5.578088441,987.8729932
863.84,5.583179026,987.8586194
864.34,5.588978541,987.8747639
864.84,5.595227506,987.9339255
865.34,5.602305856,987.9756927
865.84,5.607479761,987.9367377
866.34,5.614543352,987.9131981
866.84,5.619590135,987.8796593
867.34,5.626328542,987.8532032
867.84,5.631901428,987.8270596
868.34,5.636618741,987.834559
868.84,5.643196699,987.8839297
869.34,5.648857189,987.960694
869.84,5.655328022,987.9251762
870.34,5.660826634,987.8898667
870.84,5.667365075,987.8866378
871.34,5.674197276,987.8878877
871.84,5.679854433,987.8938247
872.34,5.685219735,987.8653897
872.84,5.692496148,987.8811175
873.34,5.697748135,987.9145521
873.84,5.704240392,987.9523614
874.34,5.710951185,987.9147604
874.84,5.71693924,987.9094484
875.34,5.722789699,987.8822632
875.84,5.728566837,987.8567446
876.34,5.734928164,987.8467454
876.84,5.741985565,987.8479953
877.34,5.747322776,987.8935123
877.84,5.753925015,987.9134064
878.34,5.759200332,987.8954913
878.84,5.766058243,987.8720558
879.34,5.772147234,987.8643481
879.84,5.777834862,987.8500785
880.34,5.784071448,987.8428916
880.84,5.790791763,987.8135191
881.34,5.796534621,987.820706
881.84,5.802747877,987.8450789
882.34,5.80911825,987.8691393
882.84,5.814700658,987.8525782
883.34,5.820936767,987.8239349
883.84,5.82777849,987.7674813
884.34,5.833061901,987.7405045
884.84,5.838971397,987.7281097
885.34,5.845809312,987.7414419
885.84,5.852138263,987.7806052
886.34,5.859638449,987.8338298
886.84,5.863368783,987.8031033
887.34,5.869424446,987.7480038
887.84,5.877057467,987.7469623
888.34,5.881889999,987.7642525
888.84,5.888653164,987.7307136
889.34,5.89403132,987.6847801
889.84,5.900892088,987.6991538
890.34,5.907491947,987.7621693
890.84,5.914052764,987.7782096
891.34,5.919639934,987.726964
891.84,5.926005069,987.7081114
892.34,5.932851554,987.6692606
892.84,5.9390072,987.635201
893.34,5.944441538,987.5960376
893.84,5.950302947,987.5940586
894.34,5.956931373,987.6474916
894.84,5.963181765,987.6737393
895.34,5.970282969,987.6243686
895.84,5.976495749,987.6230145
896.34,5.981751545,987.6420754
896.84,5.988082401,987.6472833
897.34,5.993884772,987.62666
897.84,6.000191346,987.6144736
898.34,6.007329211,987.6142652
898.84,6.013394872,987.6419712
899.34,6.019358646,987.6688439
899.84,6.025150543,987.6592614
900.34,6.031475686,987.6489498
900.84,6.037365662,987.5990582
901.34,6.044832996,987.5970792
901.84,6.050706308,987.5918713
902.34,6.056299191,987.6208272
902.84,6.063307553,987.6153068
903.34,6.069114686,987.620723
903.84,6.075257001,987.5707273
904.34,6.082493897,987.5696857
904.84,6.088201523,987.5397924
905.34,6.094537616,987.5302099
905.84,6.099739611,987.4942755
906.34,6.107700672,987.4669862
906.84,6.11334926,987.4756312
907.34,6.119742962,987.5091701
907.84,6.126638962,987.5173985
908.34,6.133751117,987.4681319
908.84,6.138807898,987.474173
909.34,6.145364431,987.4251147
909.84,6.151777177,987.4039707
910.34,6.157835221,987.3554332
910.84,6.165007366,987.38241
911.34,6.170685472,987.4123033
911.84,6.177452922,987.4192819
912.34,6.183749498,987.3257482
912.84,6.189282867,987.300542
913.34,6.196262662,987.2834601
913.84,6.202867758,987.2909595
914.34,6.21016512,987.2571082
914.84,6.216872104,987.2323187
915.34,6.22276827,987.2664824
915.84,6.228321159,987.3235609
916.34,6.234676772,987.350017
916.84,6.239714509,987.2999171
917.34,6.246712397,987.3029376
917.84,6.25189868,987.2507546
918.34,6.259047019,987.2247152
918.84,6.265207427,987.1846144
919.34,6.271287372,987.2307563
919.84,6.278609492,987.2595039
920.34,6.284088108,987.2838768
920.84,6.291808733,987.203467
921.34,6.297456368,987.172428
921.84,6.304157163,987.1436804
922.34,6.310222348,987.1557627
922.84,6.317228806,987.1264944
923.34,6.323285897,987.1327438
923.84,6.329436307,987.153992
924.34,6.336556079,987.2065917
924.84,6.344122444,987.2275274
925.34,6.349921007,987.2161742
925.84,6.355727188,987.1749277
926.34,6.362817441,987.1068086
926.84,6.369575845,987.0855604
927.34,6.374612153,987.0471261
927.84,6.381513867,987.0729573
928.34,6.388941683,987.1070169
928.84,6.394369355,987.1050379
929.34,6.402009518,987.0380644
929.84,6.409061206,986.9926516
930.34,6.414174168,986.9489054
930.84,6.420877819,986.9316152
931.34,6.427486248,986.8835984
931.84,6.434011357,986.873391
932.34,6.44151678,986.8913061
932.84,6.447287728,986.9466139
933.34,6.453519553,986.9130751
933.84,6.45991754,986.8974514
934.34,6.466006055,986.891202
934.84,6.473516715,986.8545384
935.34,6.47960761,986.8187081
935.84,6.485514251,986.7561093
936.34,6.492433104,986.773712
936.84,6.49984997,986.8137086
937.34,6.505512841,986.7792323
937.84,6.512228871,986.6905941
938.34,6.518898718,986.6810116
938.84,6.526592205,986.6536181
939.34,6.532264122,986.6299742
939.84,6.539395321,986.5687295
940.34,6.545432416,986.5642507
940.84,6.552688833,986.5798744
941.34,6.558894471,986.6369528
941.84,6.566370851,986.6349738
942.34,6.572413183,986.6228915
942.84,6.579007328,986.6136215
943.34,6.585189161,986.5438358
943.84,6.591799018,986.5014435
944.34,6.598869751,986.479987
944.84,6.60463451,986.5080055
945.34,6.610777777,986.5199836
945.84,6.617971347,986.5127967
946.34,6.624511692,986.4463441
946.84,6.631439591,986.423846
947.34,6.637490969,986.3756209
947.84,6.643931807,986.3412489
948.34,6.651309156,986.2758378
948.84,6.656562571,986.2554229
949.34,6.663160525,986.2898991
949.84,6.670046527,986.3555185
950.34,6.676737322,986.3189591
950.84,6.684102769,986.2922947
951.34,6.691377753,986.2322998
951.84,6.698106638,986.1792835
952.34,6.704716971,986.1242882
952.84,6.711576787,986.1057481
953.34,6.716729742,986.1236633
953.84,6.724350384,986.1582437
954.34,6.730869304,986.1693885
954.84,6.737589619,986.0989779
955.34,6.744278034,986.0696054
955.84,6.750729346,986.0459616
956.34,6.757039729,986.0235677
956.84,6.763422957,985.9410747
957.34,6.769683348,985.9256593
957.84,6.776699328,985.9628437
958.34,6.783281094,986.0065899
958.84,6.790435623,985.9638852
959.34,6.796798378,985.9174309
959.84,6.803769128,985.9012864
960.34,6.810252339,985.8499366
960.84,6.817375444,985.784838
961.34,6.824431894,985.7573404
961.84,6.829840997,985.7826507
962.34,6.83682365,985.8220224
962.84,6.843082136,985.8227515
963.34,6.849203503,985.7684853
963.84,6.856474679,985.728697
964.34,6.862965508,985.7047407
964.84,6.869415391,985.6549533
965.34,6.876937002,985.5883965
965.84,6.881812861,985.5581907
966.34,6.889831056,985.5651693
966.84,6.895511543,985.5744393
967.34,6.903298824,985.5600655
967.84,6.910031994,985.5547535
968.34,6.916983223,985.5045494
968.84,6.924367713,985.439555
969.34,6.930624295,985.4116407
969.84,6.937550766,985.397996
970.34,6.944077304,985.4198692
970.84,6.950289608,985.4691358
971.34,6.957806933,985.4618448
971.84,6.964194922,985.4022665
972.34,6.971655115,985.3883094
972.84,6.978145944,985.3387303
973.34,6.985615658,985.2990461
973.84,6.992564507,985.2331143
974.34,6.998527804,985.2125952
974.84,7.00591039,985.2137409
975.34,7.012524532,985.2519668
975.84,7.019619071,985.189993
976.34,7.026132277,985.1396847
976.84,7.032757369,985.0894807
977.34,7.040620828,985.0245904
977.84,7.047254967,984.9858437
978.34,7.05319303,984.9454305
978.84,7.059667196,984.9950096
979.34,7.068095323,985.0152162
979.84,7.074625193,985.0033422
980.34,7.080139517,984.9462638
980.84,7.088165806,984.9225158
981.34,7.094545225,984.8788737
981.84,7.102768148,984.8371064
982.34,7.10881905,984.7529469
982.84,7.115842172,984.7165959
983.34,7.123073354,984.6920146
983.84,7.130743988,984.7196164
984.34,7.136278785,984.6461852
984.84,7.143474735,984.6061886
985.34,7.14919712,984.5806699
985.84,7.156951073,984.5492143
986.34,7.163593782,984.5209875
986.84,7.170697367,984.5024475
987.34,7.177145822,984.5241123
987.84,7.185017851,984.5461937
988.34,7.191864335,984.4973437
988.84,7.19898744,984.4184963
989.34,7.205516358,984.3788122
989.84,7.212808007,984.3441276
990.34,7.219644017,984.3107971
990.84,7.226831397,984.2979857
991.34,7.233912605,984.2393449
991.84,7.240557218,984.2022647
992.34,7.247844582,984.1942446
992.84,7.255101951,984.1511233
993.34,7.261970812,984.1036273
993.84,7.268032665,984.0318626
994.34,7.277002607,983.9541609
994.84,7.284067626,983.929788
995.34,7.28759847,983.9228094
995.84,7.294612546,983.933746
996.34,7.303447748,983.9432243
996.84,7.310611323,983.8878124
997.34,7.318289098,983.8055278
997.84,7.324891813,983.7864669
998.34,7.332944288,983.7649062
998.84,7.340645869,983.7426165
999.34,7.346761522,983.7113691
999.84,7.352860988,983.6622067
1000.34,7.360934412,983.65252
1000.84,7.367483326,983.6340841
1001.34,7.376285677,983.5662773
1001.84,7.382336103,983.5075324
1002.34,7.389390172,983.4255602
1002.84,7.396475188,983.3372344
1003.34,7.403482599,983.2265147
1003.84,7.409576351,983.179852
1004.34,7.417871166,983.187768
1004.84,7.424469121,983.1839141
1005.34,7.431624601,983.1006921
1005.84,7.439025756,982.9973676
1006.34,7.445099987,982.9619539
1006.84,7.452687777,982.9074794
1007.34,7.459641863,982.8744614
1007.84,7.465832266,982.8075921
1008.34,7.47320533,982.8163413
1008.84,7.479991348,982.8191536
1009.34,7.487404881,982.8208201
1009.84,7.494618924,982.7159332
1010.34,7.501529207,982.6683331
1010.84,7.508915602,982.561988
1011.34,7.515145046,982.5113674
1011.84,7.521746809,982.4625174
1012.34,7.528117182,982.4572053
1012.84,7.537069984,982.5139713
1013.34,7.54431783,982.4982435
1013.84,7.550609169,982.4027308
1014.34,7.557815594,982.3102387
1014.84,7.565406716,982.2269125
1015.34,7.572587431,982.1691049
1015.84,7.579708156,982.1279626
1016.34,7.586508934,982.0673428
1016.84,7.594565694,982.0492193
1017.34,7.60123078,982.0352622
1017.84,7.608204862,982.0435948
1018.34,7.614417642,981.9993277
1018.84,7.621871645,981.9536025
1019.34,7.629644642,981.8472574
1019.84,7.636759654,981.7564318
1020.34,7.644077012,981.6923748
1020.84,7.651012053,981.6632106
1021.34,7.65781664,981.6769594
1021.84,7.664805006,981.7120606
1022.34,7.672007146,981.6163396
1022.84,7.679597792,981.5230142
1023.34,7.687307467,981.4633318
1023.84,7.694946201,981.4120862
1024.34,7.701189452,981.3922962
1024.84,7.708646788,981.2949087
1025.34,7.715975573,981.2484543
1025.84,7.7237181,981.2402258
1026.34,7.730759314,981.2057496
1026.84,7.737785768,981.107008
1027.34,7.746095344,981.042951
1027.84,7.752898026,980.9168159
1028.34,7.760760056,980.8147413
1028.84,7.767583211,980.7196453
1029.34,7.775390965,980.6515261
1029.84,7.782296963,980.6372565
1030.34,7.789974739,980.6114253
1030.84,7.79773012,980.4723747
1031.34,7.804426153,980.3908192
1031.84,7.811797789,980.3473854
1032.34,7.818985645,980.2531226
1032.84,7.826619142,980.1817745
1033.34,7.833818425,980.0910531
1033.84,7.841631416,980.0306416
1034.34,7.848648348,980.0384534
1034.84,7.855358665,980.0235588
1035.34,7.862736966,979.9663762
1035.84,7.87028143,979.8853415
1036.34,7.876872242,979.7723303
1036.84,7.884894722,979.6701515
1037.34,7.892119239,979.5938038
1037.84,7.899842245,979.5624523
1038.34,7.906902504,979.5241223
1038.84,7.914371266,979.4911043
1039.34,7.921056349,979.4039242
1039.84,7.929248324,979.3187231
1040.34,7.936291919,979.2099824
1040.84,7.943527863,979.1256146
1041.34,7.950827129,979.0458298
1041.84,7.958532995,978.9701071
1042.34,7.965439946,978.9340685
1042.84,7.972508774,978.9154242
1043.34,7.981181147,978.8923012
1043.84,7.988037153,978.832098
1044.34,7.994729377,978.7439805
1044.84,8.003125129,978.6100336
1045.34,8.011437085,978.4732744
1045.84,8.018080746,978.3600549
1046.34,8.02545381,978.3284951
1046.84,8.033011605,978.31985
1047.34,8.040484652,978.2525641
1047.84,8.047758685,978.0950776
1048.34,8.054940351,977.9491525
1048.84,8.061040293,977.888116
1049.34,8.06949413,977.8145807
1049.84,8.076396796,977.7116728
1050.34,8.083767003,977.6223054
1050.84,8.091513338,977.5421039
1051.34,8.098631206,977.5328339
1051.84,8.107085043,977.4697143
1052.34,8.114307656,977.345454
1052.84,8.120953221,977.2407755
1053.34,8.129268034,977.1265144
1053.84,8.135997395,977.0139198
1054.34,8.143796102,976.9245524
1054.84,8.151069183,976.8646617
1055.34,8.158837419,976.8113329
1055.84,8.166292374,976.7221739
1056.34,8.173938726,976.5720825
1056.84,8.181027075,976.4574048
1057.34,8.189436158,976.3601214
1057.84,8.197066322,976.2810657
1058.34,8.203406224,976.178262
1058.84,8.211579155,976.0792079
1059.34,8.219899681,975.9949443
1059.84,8.226474781,975.9638011
1060.34,8.234165888,975.9108889
1060.84,8.241398023,975.8048563
1061.34,8.249218631,975.7086145
1061.84,8.257324907,975.5336295
1062.34,8.264054268,975.4117649
1062.84,8.271180706,975.3295844
1063.34,8.278755641,975.2794845
1063.84,8.287344694,975.2150108
1064.34,8.295269095,975.1324137
1064.84,8.302587882,974.9645114
1065.34,8.30989429,974.8356682
1065.84,8.317317822,974.7247402
1066.34,8.325391722,974.5990217
1066.84,8.333357069,974.4837191
1067.34,8.340256878,974.3761241
1067.84,8.348892589,974.2888399
1068.34,8.355691463,974.2775908
1068.84,8.363276872,974.1869735
1069.34,8.370435686,974.0470896
1069.84,8.379049496,973.9203296
1070.34,8.386147368,973.757531
1070.84,8.394276497,973.5998361
1071.34,8.401381034,973.4588065
1071.84,8.409763454,973.3915206
1072.34,8.416456631,973.3341297
1072.84,8.424097269,973.232055
1073.34,8.432503495,973.043217
1073.84,8.440840209,972.9291642
1074.34,8.447713355,972.8030291
1074.84,8.455939611,972.6707488
1075.34,8.462363308,972.5067003
1075.84,8.470980928,972.3696286
1076.34,8.478050233,972.300572
1076.84,8.484504401,972.2192248
1077.34,8.493038225,972.1074635
1077.84,8.500863595,971.9752873
1078.34,8.508520421,971.8387364
1078.84,8.516339125,971.6586476
1079.34,8.52387121,971.5325126
1079.84,8.530530107,971.3954409
1080.34,8.539600985,971.3119064
1080.84,8.547780581,971.2031657
1081.34,8.554537557,971.095779
1081.84,8.562309602,970.9153777
1082.34,8.568823761,970.7639323
1082.84,8.577928919,970.6233193
1083.34,8.585374351,970.4566669
1083.84,8.591780909,970.3267821
1084.34,8.599454875,970.2178331
1084.84,8.60690983,970.124716
1085.34,8.615759792,970.0571176
1085.84,8.623437567,969.9347322
1086.34,8.630580193,969.7671424
1086.84,8.636542062,969.6161136
1087.34,8.644715946,969.4456073
1087.84,8.653545911,969.2959326
1088.34,8.661637903,969.1485493
1088.84,8.668846232,969.0551198
1089.34,8.676239293,968.9612736
1089.84,8.684282722,968.8336804
1090.34,8.691994777,968.6259897
1090.84,8.6996716,968.4672533
1091.34,8.707860719,968.3215366
1091.84,8.714683398,968.1750907
1092.34,8.722294518,967.9857319
1092.84,8.729395246,967.8189753
1093.34,8.738084282,967.7121094
1093.84,8.744814595,967.6337828
1094.34,8.753051325,967.4858787
1094.84,8.76137566,967.3015194
1095.34,8.768971544,967.1339296
1095.84,8.776955935,966.9425917
1096.34,8.784437552,966.7726062
1096.84,8.789664305,966.5837682
1097.34,8.798657101,966.4931509
1097.84,8.807994601,966.3877432
1098.34,8.816153249,966.2427556
1098.84,8.823313967,966.0233993
1099.34,8.831676391,965.8359153
1099.84,8.83867904,965.6239543
1100.34,8.846335866,965.4562602
1100.84,8.854780181,965.2306545
1101.34,8.862647448,965.0310882
1101.84,8.868351265,964.8858922
1102.34,8.875440566,964.7532994
1102.84,8.88574743,964.5997708
1103.34,8.892656761,964.4245774
1103.84,8.901688598,964.2132413
1104.34,8.909374943,964.0087796
1104.84,8.91684799,963.805047
1105.34,8.924240098,963.6522475
1105.84,8.933120531,963.5161133
1106.34,8.940053668,963.400394
1106.84,8.946951573,963.2348873
1107.34,8.955047374,962.9990741
1107.84,8.962270939,962.8004452
1108.34,8.970406733,962.5652569
1108.84,8.977584591,962.3797519
1109.34,8.985000505,962.1713322
1109.84,8.992403088,961.9858272
1110.34,9.000037061,961.814071
1110.84,9.008562315,961.6856445
1111.34,9.015703988,961.5032642
1111.84,9.021811548,961.2861994
1112.34,9.031290929,961.0752799
1112.84,9.037989819,960.8615481
1113.34,9.046379857,960.6511494
1113.84,9.053207297,960.466686
1114.34,9.061097418,960.3961712
1114.84,9.06866664,960.2859723
1115.34,9.077317587,960.1226529
1115.84,9.085595263,959.853405
1116.34,9.093183529,959.5981143
1116.84,9.100677525,959.3757374
1117.34,9.108671439,959.1388826
1117.84,9.11577788,958.8492199
1118.34,9.124201246,958.6465288
1118.84,9.132710312,958.4498789
1119.34,9.13955394,958.2842681
1119.84,9.146968901,958.0772024
1120.34,9.15539322,957.8282653
1120.84,9.163083374,957.5779742
1121.34,9.171204885,957.3117469
1121.84,9.178532242,957.0611433
1122.34,9.186256676,956.8491822
1122.84,9.193504999,956.6466995
1123.34,9.202134997,956.4559866
1123.84,9.210829747,956.2210066
1124.34,9.218257087,955.9400931
1124.84,9.226047225,955.6924059
1125.34,9.233440285,955.4512807
1125.84,9.24119043,955.22505
1126.34,9.249616652,954.9784043
1126.84,9.257310615,954.7393622
1127.34,9.265434983,954.4881337
1127.84,9.272825187,954.2829429
1128.34,9.27975261,953.985989
1128.84,9.288480688,953.7174703
1129.34,9.295759481,953.4098924
1129.84,9.303929556,953.1149175
1130.34,9.311771114,952.869001
1130.84,9.31955649,952.6360001
1131.34,9.327105715,952.462994
1131.84,9.335213895,952.2638443
1132.34,9.34298118,952.0115742
1132.84,9.351237906,951.6898308
1133.34,9.359029949,951.4229786
1133.84,9.367351427,951.1222751
1134.34,9.374991113,950.8224048
1134.84,9.382470826,950.4989949
1135.34,9.390239062,950.2280805
1135.84,9.399054744,949.9786227
1136.34,9.40743526,949.7635368
1136.84,9.415623427,949.4498136
1137.34,9.42304315,949.1196335
1137.84,9.431178944,948.7612265
1138.34,9.438651991,948.4257343
1138.84,9.446880152,948.0705563
1139.34,9.454595064,947.7661031
1139.84,9.463210779,947.5085209
1140.34,9.471412277,947.2646876
1140.84,9.479148137,946.9409652
1141.34,9.487476281,946.5752672
1141.84,9.495550181,946.2568569
1142.34,9.503604085,945.9246978
1142.84,9.510188708,945.566395
1143.34,9.518468288,945.1765324
1143.84,9.527580111,944.8642674
1144.34,9.534739877,944.5528357
1144.84,9.54056653,944.263277
1145.34,9.548501406,943.8952876
1145.84,9.554235694,943.5125078
1146.34,9.566400344,943.1233743
1146.84,9.576387261,942.7018478
1147.34,9.582996642,942.2905287
1147.84,9.587574931,941.9437875
1148.34,9.596866724,941.6030874
1148.84,9.60597093,941.2757195
1149.34,9.614952298,940.9164793
1149.84,9.62367371,940.5087016
1150.34,9.631844737,940.1068609
1150.84,9.639417768,939.7236644
1151.34,9.646953662,939.3055751
1151.84,9.654363862,938.9390439
1152.34,9.662989099,938.5392863
1152.84,9.670414535,938.1430701
1153.34,9.679314013,937.7571656
1153.84,9.687839267,937.2890805
1154.34,9.695692251,936.8684914
1154.84,9.70348715,936.371138
1155.34,9.711621992,935.8810756
1155.84,9.72043577,935.3870553
1156.34,9.728367788,934.9905266
1156.84,9.736508344,934.6055595
1157.34,9.744851723,934.2402782
1157.84,9.752908483,933.7586526
1158.34,9.760305353,933.2297394
1158.84,9.769027717,932.7174914
1159.34,9.777439656,932.2562808
1159.84,9.784840334,931.7233054
1160.34,9.794072138,931.1842889
1160.84,9.801578513,930.6930809
1161.34,9.809805721,930.2549932
1161.84,9.817812965,929.7787839
1162.34,9.82602589,929.1871677
1162.84,9.833999807,928.6432558
1163.34,9.842107987,928.0847618
1163.84,9.849336313,927.5049154
1164.34,9.858832834,926.922361
1164.84,9.866186853,926.3976141
1165.34,9.874930166,925.8950528
1165.84,9.882586993,925.3674936
1166.34,9.891197947,924.7908762
1166.84,9.899811757,924.1527015
1167.34,9.908226553,923.5691054
1167.84,9.916066206,922.9694691
1168.34,9.925433225,922.3532717
1168.84,9.933673765,921.7008274
1169.34,9.942478972,921.0810886
1169.84,9.950613814,920.4774943
1170.34,9.959945601,919.8664006
1170.84,9.969308811,919.1898958
1171.34,9.97741223,918.476415
1171.84,9.98562706,917.7082514
1172.34,9.994373229,916.99175
1172.84,10.00393545,916.2930597
1173.34,10.01146183,915.6441567
1173.84,10.02039273,914.9780677
1174.34,10.02950455,914.2855226
1174.84,10.03733659,913.4722587
1175.34,10.04695309,912.6925336
1175.84,10.05511269,911.9546799
1176.34,10.06334466,911.2196384
1176.84,10.07263645,910.4822014
1177.34,10.08058561,909.724141
1177.84,10.08900231,908.9776422
1178.34,10.09733045,908.2272896
1178.84,10.10618137,907.4643339
1179.34,10.11449999,906.6076361
1179.84,10.12275481,905.75198
1180.34,10.13228085,904.8533067
1180.84,10.14100036,903.9524461
1181.34,10.14851911,903.0402322
1181.84,10.1574243,902.2271766
1182.34,10.16674657,901.3930811
1182.84,10.17574793,900.5245094
1183.34,10.18369804,899.5678202
1183.84,10.19228234,898.5993612
1184.34,10.20207119,897.6965216
1184.84,10.21133918,896.7768084
1185.34,10.2192074,895.7976211
1185.84,10.22776122,894.799373
1186.34,10.23600461,893.8545577
1186.84,10.24498693,892.9013058
1187.34,10.25413589,891.9656564
1187.84,10.26392856,890.9030388
1188.34,10.27364885,889.874689
1188.84,10.28108191,888.7997808
1189.34,10.29101264,887.714665
1189.84,10.29969977,886.6068429
1190.34,10.30900871,885.5850551
1190.84,10.31873471,884.4925441
1191.34,10.32728758,883.3654528
1191.84,10.33684885,882.1669093
1192.34,10.34644345,880.9838852
1192.84,10.35452688,879.8368998
1193.34,10.36460902,878.6979344
1193.84,10.37437978,877.5491783
1194.34,10.38369728,876.3643836
1194.84,10.39259104,875.1702146
1195.34,10.40177333,873.9785455
1195.84,10.41085945,872.7512023
1196.34,10.42039406,871.4253259
1196.84,10.4304562,870.1193956
1197.34,10.43967467,868.76498
1197.84,10.44926261,867.4059293
1198.34,10.45856868,866.0864585
1198.84,10.46749577,864.7960999
1199.34,10.47737604,863.4683486
1199.84,10.48714585,862.0690409
1200.34,10.49789931,860.5328179
1200.84,10.50639599,859.0491945
1201.34,10.51704947,857.5860902
1201.84,10.52694497,856.2006355
1202.34,10.53574351,854.7093044
1202.84,10.54575138,853.2200044
1203.34,10.55623916,851.7255486
1203.84,10.5664489,850.2479663
1204.34,10.57561595,848.6755484
1204.84,10.58571713,847.0176691
1205.34,10.59611446,845.3693722
1205.84,10.60620422,843.6759751
1206.34,10.61501609,841.9644024
1206.84,10.62544674,840.246424
1207.34,10.63543842,838.5944295
1207.84,10.64590716,836.9028551
1208.34,10.65613118,835.1234236
1208.84,10.66679417,833.206608
1209.34,10.67643067,831.3227584
1209.84,10.68752026,829.470156
1210.34,10.69799567,827.5878167
1210.84,10.70819874,825.6127769
1211.34,10.71841324,823.6294045
1211.84,10.72926954,821.6220237
1212.34,10.73966591,819.5924573
1212.84,10.75093642,817.4896159
1213.34,10.76254021,815.311208
1213.84,10.77328034,813.0951471
1214.34,10.7848927,810.8474743
1214.84,10.79592325,808.5742308
1215.34,10.80677098,806.3067681
1215.84,10.81870138,804.0217547
1216.34,10.83028518,801.6240427
1216.84,10.84213083,799.132849
1217.34,10.85379176,796.5273942
1217.84,10.86508036,793.9434481
1218.34,10.87646324,791.3174222
1218.84,10.88791658,788.6877507
1219.34,10.89995458,785.9526195
1219.84,10.91222207,783.1712423
1220.34,10.92382777,780.2575847
1220.84,10.93581435,777.3239809
1221.34,10.94847797,774.2592424
1221.84,10.96027125,771.1284158
1222.34,10.97346145,767.8553097
1222.84,10.9867402,764.5023146
1223.34,11.00045317,761.0767215
1223.84,11.01274256,757.6229016
1224.34,11.02691449,754.0500815
1224.84,11.04078934,750.2792053
1225.34,11.05442517,746.2855357
1225.84,11.06869424,742.0458975
1226.34,11.08403646,737.7712102
1226.84,11.09862356,733.3298184
1227.34,11.11359156,728.7024007
1227.84,11.12920421,723.8020376
1228.34,11.14536248,718.6908071
1228.84,11.16197497,713.2710092
1229.34,11.17994247,707.4362988
1229.84,11.19750813,701.0982979
1230.34,11.2168773,694.2453931
1230.84,11.23621981,686.7762388
1231.3,11.25624506,679.1281936
1231.73,11.27637982,671.1145024
1232.12,11.29657933,662.7509973
